customer_id,customer_name,industry,member_tier,payment_terms_days,credit_limit,member_since,state
CUST001,Acacia Legal Group,Legal,Standard,14,5000,2024-05-30,ACT
CUST002,Brindabella Health Partners,,,30,10000,2025-04-27,ACT
CUST003,Capital Vets Group,Healthcare,Standard,14,5000,2023-06-07,A.C.T.
CUST004,Molonglo Rehabilitation,Healthcare,Standard,14,5000,2022-01-09,ACT
CUST005,Southside Pathology,Healthcare,Standard,14,5000,2021-02-26,ACT
CUST006,Lake George Foundation,Not-for-profit,Standard,14,5000,2021-05-01,ACT
CUST007,Canberra Youth Trust,Not For Profit,Standard,14,5000,2023-11-30,ACT
CUST008,Griffin Community Options,Not-for-profit,Premium,30,10000,2023-09-25,act
CUST009,Telopea Animal Welfare,Not For Profit,Standard,14,5000,2022-08-13,ACT
CUST010,Namadgi Disability Services,Not-for-profit,Standard,14,5000,2025-03-22,ACT
CUST011,Red Hill Apartment Hotel,Hospitality,Associate,14,2000,2024-12-02,ACT
CUST012,Kingston Chicken Co,hospitality ,Premium,30,10000,09-09-2025,ACT
CUST013,Ona Roasters Wholesale,hospitality ,Associate,14,2000,2024-08-21,ACT
CUST014,Bulk Pantry Dickson,Hospitality,Associate,14,2000,2024-03-23,ACT
CUST015,Zephyr Dining Group,Hospitality,Standard,14,5000,2021-05-04,ACT
CUST016,Eastlake Recruitment,Recruitment,Corporate,30,20000,2022-12-04,ACT
CUST017,Pinnacle Talent Partners,Recruitment,Standard,14,5000,22-Jun-23,ACT
CUST018,Workforce Linq,Recruitment,premium,30,10000,2023-08-06,ACT
CUST019,Verity Staffing Solutions,Recruitment,Standard,14,5000,2024-07-04,ACT
CUST020,Civic Architects Studio,Prof Services,Premium,30,10000,2023-07-02,A.C.T.
CUST021,May Russell Design,Prof Services,Premium,30,10000,2024-07-10,ACT
CUST022,Deakin Consulting Group,Professional Services,,14,5000,2022-10-30,ACT 
CUST023,Northbourne Advisory,Professional Services,Standard,14,5000,11-Jul-23,ACT
CUST024,Kambah Construct Industries,Construction,Associate,14,2000,2023-09-12,ACT
CUST025,Tuggeranong Build Co,Construction,Standard,14,5000,2021-03-25,ACT
CUST026,Braddon Renewables,Construction,Premium,30,10000,2023-02-11,Australian Capital Territory
CUST027,EPC Solar Solutions,Construction,Associate,14,2000,2025-09-26,ACT
CUST028,Infront Cloud Systems,,Standard,14,5000,2021-01-04,ACT
CUST029,Geospatial Intel Labs,IT/Technology,Premium,30,10000,2024-09-03,ACT
CUST030,OPC Managed IT,Tech,Standard,14,5000,2023-04-06,A.C.T.
CUST031,Veracity Software,Tech,assoc,14,2000,2021-11-10,ACT
CUST032,Development Intelligence Lab,Technology,std,14,5000,2021-05-21,ACT
CUST033,ACT Renewal Authority,Government,Corp,30,20000,2024-11-14,ACT
CUST034,National Capital Office,Government,Standard,14,5000,2025-03-07,ACT
CUST035,Office for Inclusion,Govt,Standard,14,5000,2021-11-25,ACT
CUST036,Territory Heritage Body,Government,Standard,14,5000,2025-06-22,ACT 
CUST037,Meridian Bank ACT,Finance,Corporate,30,20000,2024-07-27,ACT
CUST038,Southern Cross Securities,Finance,Standard,14,5000,2021-04-28,Australian Capital Territory
CUST039,Capital CPA Association,finance,Standard,14,5000,2025-02-26,ACT
CUST040,Institute of Public Accountants ACT,Finance,Corporate,30,20000,2023-09-04,ACT
CUST041,ANU Residential College,Education,Premium,30,10000,2023-07-28,A.C.T.
CUST042,Summer Science Academy,Education,STANDARD,14,5000,2022-06-16,ACT
CUST043,Wisdom Learning Centre,Education,Standard,14,5000,2024-02-16,act
CUST044,Chinese Early Learning Centre,edu,,30,10000,2022-09-06,ACT
CUST045,Belconnen Bookkeeping,Professional Services,assoc,14,2000,2024-09-16,ACT
CUST046,Civic Comms Link,Prof Services,Standard,14,5000,2025-09-20,ACT 
CUST047,Network Business Group,,Associate,14,2000,2021-06-17,ACT
CUST048,Selmes Advisory,Prof Services,,14,2000,2025-08-03,act
CUST049,DS Strategy Consulting,Professional Services,assoc,14,2000,2022-04-12,ACT
CUST050,CAPDA Consulting,Professional Services,Standard,14,5000,2023-03-15,A.C.T.
CUST051,Elring Legal Partners,Legal,std,14,5000,2023-07-31,ACT
CUST052,Blumers Law Co,Legal,Standard,14,5000,2025-10-24,ACT
CUST053,MV Legal Services,Legal,Associate,14,2000,2023-06-24,ACT
CUST054,Enterprise Plus Group,Professional Services,Standard,14,5000,2022-05-17,ACT
CUST055,Hands Across Region,Not For Profit,Standard,14,5000,2021-09-17,ACT
CUST056,Jigsaw Employment,Not-for-profit,Standard,14,5000,2024-03-25,ACT
CUST057,Nexus Human Services,Not-for-profit,Standard,14,5000,2021-10-10,Australian Capital Territory
CUST058,Staff Verify Co,,std,14,5000,2023-01-11,ACT
CUST059,Stantec Regional,Professional Services,,14,5000,2022-08-07,ACT
CUST060,CBRE Capital,Professional Services,,30,20000,2025-02-14,ACT
CUST061,Complex Holdings Co,Professional Services,Premium,30,10000,08-Aug-22,ACT
CUST062,TP Dynamics Group,IT/Technology,Corp,30,20000,2022-11-04,ACT
CUST063,Optus Business ACT,Tech,Corporate,30,20000,2023-03-03,ACT
CUST064,Westpac Regional,finance,Corporate,30,20000,2021-05-27,Australian Capital Territory
CUST065,Workday Cloud ANZ,IT/Technology,Corporate,30 days,20000,2023-03-26,ACT
CUST066,YourGP Medical,Healthcare,Standard,14 days,5000,2023-01-08,ACT
CUST067,Zest Wellbeing,Healthcare,Standard,14,5000,2023-12-27,ACT
CUST068,Punthill Tuggeranong,,Associate,14,"$2,000",2023-02-27,ACT
CUST069,The Social Nest Co,Hospitality,Associate,14,2000,2022-10-30,ACT
CUST070,Design Construct Co,Construction,assoc,14,2000,2025-11-18,ACT
CUST071,Holt IT Services ACT,Technology,premium,30,10000,2021-12-29,ACT
CUST072,Belconnen Civil Pty Ltd,construction ,assoc,14,2000,2024-09-11,A.C.T.
CUST073,Calwell Chambers,Legal,Premium,30,10000,2025-03-18,ACT
CUST074,Calwell Build Co ACT,construction ,Standard,14,5000,2022-10-24,ACT
CUST075,Turner Group Group,Professional Services,Standard,14,5000,2024-05-19,ACT
CUST076,Molonglo Tech ACT,IT/Technology,Premium,30,10000,2023-12-05,ACT
CUST077,Latham Partners,Prof Services,Associate,14,2000,2022-04-02,ACT 
CUST078,Tuggeranong Medical Pty Ltd,Healthcare,Premium,30,10000,2024-04-22,A.C.T.
CUST079,Barton Health,Healthcare,,30,"$10,000",2025-01-08,ACT
CUST080,Barton Support Services,,Standard,14,"$5,000",2024-05-08,A.C.T.
CUST081,Barton Builders,Construction,Standard,14,5000,2022-04-29,act
CUST082,Fyshwick Staffing ACT,Recruitment,Corporate,30,20000,2021-07-05,A.C.T.
CUST083,Kambah Dental Co,,assoc,14,2000,2021-12-30,ACT
CUST084,Reid Hotel,Hospitality,std,14,5000,2021-10-18,ACT
CUST085,Hawker Catering,Hospitality,std,14,5000,2024-11-09,ACT
CUST086,Charnwood Advocates Co,Legal,assoc,14,2000,2023-07-08,ACT
CUST087,Dickson Wellness ACT,HEALTHCARE,Standard,14,5000,2022-10-01,ACT
CUST088,Lyneham Strategy Group,,Associate,14,2000,2025-02-09,ACT
CUST089,Kingston Allied Health,Healthcare,Standard,14,5000,2025-02-25,Australian Capital Territory
CUST090,Kingston Advisory Group,Finance,Standard,14,5000,2025-05-25,ACT
CUST091,Monash Talent,Recruitment,Standard,14,5000,2021-04-08,ACT
CUST092,Dickson Medical,,Associate,14,2000,2025-10-04,ACT
CUST093,Woden Securities Pty Ltd,finance,Corporate,30,20000,2023-11-27,act
CUST094,Woden Care Pty Ltd,Healthcare,Standard,14,"$5,000",2023-11-01,ACT
CUST095,Conder Chambers ACT,Legal,STANDARD,14,5000,03-19-2023,ACT
CUST096,Yarralumla Outreach Group,Not-for-profit,assoc,14,2000,2023-04-26,ACT
CUST097,Kingston Academy,Education,Standard,14,5000,2024-10-12,ACT
CUST098,Yarralumla Construct Co,Construction,Premium,30,10000,2025-08-03,ACT
CUST099,Belconnen Counsel,LEGAL,Standard,14,5000,2024-11-24,ACT
CUST100,Monash Accounting Group,Finance,Standard,14,5000,2023-11-27,ACT
CUST101,Greenway Bookkeeping Pty Ltd,Finance,assoc,14 days,2000,2023-12-03,ACT
CUST102,Fyshwick Trust,Not For Profit,Standard,14,5000,2025-07-25,A.C.T.
CUST103,Banks Group Pty Ltd,Professional Services,Standard,14,5000,2021-03-11,ACT
CUST104,Mitchell Solutions,Professional Services,Standard,14,5000,2021-11-19,ACT
CUST105,Latham Care Network ACT,Not-for-profit,Premium,30 days,10000,2022-03-01,ACT
CUST106,Phillip Renewables,Construction,Standard,14,5000,2022-07-24,ACT
CUST107,Florey Talent,Recruitment,Associate,14,2000,2023-07-19,ACT
CUST108,Barton Cyber,IT/Technology,Standard,14,5000,2021-05-22,ACT
CUST109,Wanniassa Care Network,Not-for-profit,premium,30,10000,2023-09-12,ACT
CUST110,Mitchell Education,Education,Associate,14,2000,01-24-2022,ACT
CUST111,Dickson Support Services,Not-for-profit,STANDARD,14,5000,2023-08-07,ACT
CUST112,Manuka Data Labs,Technology,Premium,30,10000,2024-09-24,ACT
CUST113,Narrabundah Academy,edu,Corporate,30,20000,2023-04-12,ACT
CUST114,Narrabundah Advisory,,,14 days,5000,2025-10-30,ACT 
CUST115,Greenway Roasters,Hospitality,assoc,14,2000,2021-04-22,ACT
CUST116,Manuka Advisory Co,Finance,Standard,14,5000,2024-02-10,ACT
CUST117,Barton Wellness ACT,HEALTHCARE,Associate,14,2000,2022-12-15,ACT
CUST118,Reid Developments Group,Construction,Associate,14,2000,2021-10-24,ACT
CUST119,Fyshwick Staffing,Recruitment,assoc,14,2000,2025-05-10,ACT
CUST120,Bruce Developments,construction ,Associate,14,2000,2023-03-20,ACT
CUST121,Hawker Partners Group,,Premium,30,10000,2021-08-15,Australian Capital Territory
CUST122,Monash Law,Legal,Standard,14,5000,2024-03-24,Australian Capital Territory
CUST123,Manuka Hotel ACT,,Standard,14,5000,2023-07-07,A.C.T.
CUST124,Kambah Agency Pty Ltd,Government,Associate,14,2000,2022-10-29,Australian Capital Territory
CUST125,Phillip Bistro,Hospitality,Standard,14,5000,2022-11-03,ACT
CUST126,Yarralumla Hotel Group,Hospitality,Corporate,30,20000,2023-06-21,ACT 
CUST127,Isabella Community Pty Ltd,Not-for-profit,Premium,30,10000,2024-07-30,ACT
CUST128,Gungahlin School,Education,Standard,14,5000,06-Dec-22,ACT
CUST129,Ainslie Directorate,Government,std,14,5000,2024-10-31,ACT
CUST130,Mitchell Medical Group,health care,Standard,14,5000,2021-11-25,ACT
CUST131,Fyshwick Capital,Finance,Standard,14,5000,2022-11-21,ACT
CUST132,Calwell Talent Co,Recruitment,Standard,14,5000,12-May-23,ACT
CUST133,Weston Allied Health,Healthcare,STANDARD,14,5000,2021-10-11,ACT
CUST134,Acton Solicitors ACT,legal,,30,10000,2021-11-10,ACT 
CUST135,Latham People Co Co,Recruitment,Standard,14,5000,2021-01-27,ACT
CUST136,Lyneham Developments Pty Ltd,construction ,Premium,30,10000,2023-07-23,ACT
CUST137,Weston Solicitors,Legal,Standard,14,5000,2024-05-31,ACT
CUST138,Bruce Capital Co,,assoc,14,2000,2021-05-25,ACT
CUST139,Turner Institute Pty Ltd,Education,Premium,30,10000,2024-10-24,ACT
CUST140,Braddon Support Services ACT,Not-for-profit,Premium,30,10000,2021-01-10,ACT
CUST141,Hawker Solutions,Professional Services,Standard,14,5000,2021-12-19,ACT
CUST142,Gungahlin Community,,Premium,30,10000,2024/07/13,ACT
CUST143,Tuggeranong Consulting ACT,Professional Services,Associate,14 days,2000,2025-05-18,ACT
CUST144,Capital Bookkeeping,Finance,Corporate,30,20000,2023-03-06,ACT
CUST145,Kambah Charity,Not-for-profit,Associate,14,2000,2022-09-27,ACT
CUST146,Isabella Consulting Pty Ltd,Professional Services,Associate,14,2000,2022-08-29,ACT
CUST147,Capital Care Network ACT,Not-for-profit,Associate,14,2000,2024-05-10,ACT
CUST148,Fyshwick Foundation ACT,NFP,Standard,14,"$5,000",2022-07-21,ACT
CUST149,Watson Advocates ACT,Legal,Prem,30,10000,2023/07/08,ACT
CUST150,Banks Bistro Co,Hospitality,Standard,14,5000,2025-11-02,ACT
CUST151,Weston Charity,Not-for-profit,Premium,30,10000,2025/10/29,ACT
CUST152,Civic Trust Co,Not-for-profit,Standard,14,5000,2021-02-16,ACT
CUST153,Isabella Goods Co Pty Ltd,Retail,Premium,30,10000,2025-05-26,ACT
CUST154,Braddon Outreach,Not-for-profit,Standard,14,5000,2023-07-02,ACT
CUST155,Bruce Solutions,Prof Services,std,14,5000,2024-02-11,ACT
CUST156,Fyshwick School Group,Education,Corporate,30,20000,2023-04-07,ACT
CUST157,Capital Construct Co,Construction,,14,2000,12-Sep-23,A.C.T.
CUST158,Lyneham Civil,Construction,Standard,14,5000,2024-02-04,ACT 
CUST159,Wanniassa Associates,Professional Services,Standard,14,5000,2025-07-02,act
CUST160,Civic Law,legal,Premium,30 days,10000,2023-01-23,ACT
CUST161,Kambah Kitchen Co,Hospitality,assoc,14,"$2,000",2023-03-31,ACT
CUST162,Kingston Bookkeeping ACT,Finance,Standard,14,5000,2023-07-30,ACT
CUST163,Reid Construct,Construction,,14,5000,2024-11-01,ACT
CUST164,Isabella Health Group,Healthcare,Standard,14,5000,2025-08-28,ACT
CUST165,Isabella Advocates,,Corporate,30,20000,2021/07/04,ACT
CUST166,Deakin Agency ACT,Government,Standard,14,5000,2022-03-07,ACT
CUST167,Yarralumla Solutions Group,Prof Services,Standard,14,5000,2021-11-26,ACT
CUST168,Greenway Wellness,HEALTHCARE,Standard,14,5000,2025-10-21,ACT
CUST169,Wanniassa Associates Pty Ltd,Professional Services,STANDARD,14,5000,2023-06-20,ACT
CUST170,Calwell Securities Pty Ltd,Finance,Standard,14,5000,2022-11-07,Australian Capital Territory
CUST171,Belconnen Agency ACT,Govt,Standard,14,5000,2023-03-08,ACT
CUST172,Holt Solutions,Professional Services,Standard,14,5000,2021-09-22,Australian Capital Territory
CUST173,Kambah Cloud,Technology,assoc,14 days,2000,2022-11-23,ACT
CUST174,Canberra Catering Co,Hospitality,Associate,14,"$2,000",2025-10-08,ACT 
CUST175,Turner Projects Co,Construction,Premium,30,10000,2025-03-05,ACT
CUST176,Charnwood Solutions Co,Professional Services,STANDARD,14,5000,2021-04-20,ACT
CUST177,Civic Allied Health,Healthcare,Associate,14,2000,2021-02-11,ACT
CUST178,Molonglo Financial ACT,Finance,Standard,14,5000,2021-06-20,ACT
CUST179,Ainslie Strategy,,Standard,14,5000,2024-10-14,ACT
CUST180,Barton Community,Not-for-profit,Premium,30,10000,2022-05-14,ACT
CUST181,Turner Dental,Healthcare,Standard,14,5000,2023-04-16,ACT
CUST182,Dickson Goods Co Pty Ltd,Retail,,30 days,20000,2021-01-24,ACT
CUST183,Yarralumla Workforce ACT,Recruitment,Premium,30,10000,2024-02-02,A.C.T.
CUST184,Watson Hospitality,hospitality ,Standard,14,5000,12-21-2022,ACT
CUST185,Dickson Bureau ACT,Govt,Standard,14,5000,2023-01-20,ACT
CUST186,Manuka Projects Co,construction ,Premium,30,10000,2024-03-01,ACT
CUST187,Molonglo Data Labs Co,Technology,Premium,30,10000,2021-02-24,ACT
CUST188,Barton Solicitors ACT,,Standard,14,5000,2025-02-14,ACT
CUST189,Gungahlin Charity ACT,Not-for-profit,assoc,14,2000,2021-04-07,ACT
CUST190,Latham People Co,recruiting,Corporate,30,20000,2023-06-07,ACT
CUST191,Conder Hospitality Co,Hospitality,Standard,14,5000,2024-12-05,ACT
CUST192,Phillip Partners ACT,Professional Services,Corporate,30 days,20000,2023/06/27,ACT
CUST193,Banks Cloud Group,Technology,Associate,14,2000,20-Apr-23,ACT
CUST194,Barton Search Partners Co,recruiting,Standard,14,5000,2023-03-18,ACT
CUST195,Capital Academy,Education,,30,20000,2022-07-19,ACT
CUST196,Wanniassa Construct Co,Construction,Standard,14,5000,2021-12-19,ACT
CUST197,Phillip Office Pty Ltd,Government,Corp,30,20000,2021-11-10,ACT
CUST198,Yarralumla Bookkeeping Group,finance,Premium,30,10000,2023-08-28,ACT
CUST199,Bruce Wealth,finance,Associate,14,2000,2024-03-17,act
CUST200,Kingston Academy ACT,Education,Standard,14,5000,2025-06-18,ACT
CUST201,Kambah Care,HEALTHCARE,Premium,30,10000,2024-03-24,ACT
CUST202,Woden Data Labs ACT,Technology,Standard,14,5000,2021-08-04,ACT
CUST203,Narrabundah Dental Pty Ltd,Healthcare,Premium,30,10000,2024-01-04,ACT
CUST204,Banks Outreach Co,Not-for-profit,Premium,30,10000,2021-04-04,ACT
CUST205,Ainslie Agency,Government,Corporate,30,20000,2024-04-25,ACT
CUST206,Weston Advocates Group,Legal,Premium,30,10000,2021/02/17,ACT
CUST207,Molonglo School Pty Ltd,Education,Standard,14,5000,2024-09-06,ACT
CUST208,Canberra Consulting ACT,Professional Services,assoc,14,2000,2024-01-15,ACT
CUST209,Yarralumla Construct Pty Ltd,,Premium,30,10000,2022-05-03,ACT
CUST210,Latham College Group,edu,Standard,14,5000,2025-03-20,ACT
CUST211,Banks Recruitment Pty Ltd,Recruitment,Standard,14,5000,2021-09-13,ACT
CUST212,Hawker Institute ACT,Education,Associate,14,2000,2023-04-29,Australian Capital Territory
CUST213,Wanniassa Talent,Recruitment,Premium,30,10000,2023-09-13,ACT
CUST214,Ainslie Bookkeeping,Finance,std,14,5000,2022-10-19,ACT
CUST215,Civic Consulting ACT,Professional Services,Standard,14,5000,19-Nov-22,ACT
CUST216,Monash Hotel Co,Hospitality,Associate,14,"$2,000",2023-10-16,ACT
CUST217,Phillip Consulting Pty Ltd,Prof Services,Premium,30,10000,2025-05-06,ACT 
CUST218,Lyneham Wealth,Finance,Associate,14,2000,2024-09-28,ACT
CUST219,Calwell Advisory Co,Finance,Standard,14,5000,2022-09-05,ACT
CUST220,Civic Solicitors,Legal,Associate,14,2000,2023-01-22,act
CUST221,Braddon Solutions,,Premium,30,10000,2025/11/09,ACT
CUST222,Reid Group Pty Ltd,Professional Services,Standard,14,5000,2024-02-26,A.C.T.
CUST223,Capital Projects,construction ,Associate,14,2000,2025-07-02,ACT
CUST224,Lyneham Charity,Not For Profit,Standard,14,5000,2024-11-13,ACT
CUST225,Molonglo School,,Associate,14,"$2,000",2023-01-12,ACT
CUST226,Florey Staffing,Recruitment,Associate,14,2000,2024-12-05,ACT
CUST227,Civic Bistro Group,Hospitality,Corporate,30 days,20000,2024-04-22,ACT
CUST228,Bruce Support Services Group,Not-for-profit,premium,30,10000,2025-12-03,ACT
CUST229,Hawker Builders Co,construction ,Standard,14,5000,07-25-2025,ACT 
CUST230,Braddon Education,Education,Standard,14,5000,2023-07-03,ACT
CUST231,Lyneham Build Co,Construction,Standard,14,5000,2022-08-05,ACT
CUST232,Bruce Software,Technology,Corporate,30,20000,10-31-2021,A.C.T.
CUST233,Kambah Dining Pty Ltd,Hospitality,Premium,30,10000,01-17-2022,ACT
CUST234,Kambah Strategy,Professional Services,Standard,14,5000,2023-08-08,ACT
CUST235,Calwell Support Services,Not-for-profit,Standard,14,5000,2023-07-18,ACT
CUST236,Braddon Software Group,Technology,Standard,14,5000,2022-09-17,ACT
CUST237,Reid Builders Pty Ltd,Construction,Associate,14,2000,2022-08-14,ACT
CUST238,Isabella Advisory Pty Ltd,Prof Services,std,14,5000,2025-09-02,Australian Capital Territory
CUST239,Wanniassa Chambers,Legal,Corporate,30,20000,2021-07-12,ACT
CUST240,Phillip Medical Pty Ltd,Healthcare,Standard,14,5000,2022-12-27,ACT
CUST241,Hawker Community,Not-for-profit,std,14,5000,2021-01-06,ACT
CUST242,Braddon Data Labs Pty Ltd,Technology,Standard,14,5000,2024-05-29,ACT
CUST243,Banks Associates,Professional Services,assoc,14,2000,2025-04-14,ACT
CUST244,Monash Advisory,Finance,Premium,30,10000,01-Aug-21,A.C.T.
CUST245,Capital Partners Group,Professional Services,Standard,14,5000,2024-06-02,Australian Capital Territory
CUST246,Woden People Co,Recruitment,Associate,14,2000,2021-05-12,ACT
CUST247,Isabella Office,Government,assoc,14,2000,2024-11-19,ACT
CUST248,Barton Chambers,LEGAL,Associate,14 days,2000,05-06-2021,ACT
CUST249,Gungahlin Associates ACT,Professional Services,Standard,14,5000,2023-03-09,ACT
CUST250,Phillip Accounting Co,Finance,Premium,30,10000,2024-12-28,ACT
CUST251,Weston Wellness,Healthcare,Standard,14,5000,2024-10-02,ACT
CUST252,Florey Wellness Pty Ltd,Healthcare,Premium,30,10000,2022-03-30,ACT
CUST253,Kingston Digital ACT,Technology,std,14,5000,2024-01-21,ACT
CUST254,Hawker Solicitors ACT,LEGAL,Premium,30,10000,2021-02-11,ACT
CUST255,Acton Talent,recruiting,STANDARD,14,5000,2024-02-16,ACT 
CUST256,Charnwood Legal Pty Ltd,Legal,Corporate,30,20000,2022-12-29,ACT
CUST257,Hawker Talent Pty Ltd,Recruitment,std,14,5000,2024-11-18,ACT
CUST258,Acton Support Services,Not-for-profit,Premium,30 days,10000,25-Sep-22,A.C.T.
CUST259,Phillip Search Partners,Recruitment,Associate,14,2000,2021-02-11,ACT
CUST260,Latham Builders Group,Construction,Premium,30,10000,2025-06-11,ACT
CUST261,Kingston Renewables Pty Ltd,Construction,Standard,14,5000,2025-06-08,ACT
CUST262,Phillip Workforce,Recruitment,Premium,30 days,10000,14-Dec-22,ACT
CUST263,Yarralumla Construct,Construction,Standard,14,5000,2023-04-27,Australian Capital Territory
CUST264,Isabella Hospitality Co,Hospitality,Associate,14,2000,2023-03-26,ACT
CUST265,Charnwood Strategy,Professional Services,Standard,14,5000,07-09-2025,ACT
CUST266,Dickson Associates,Professional Services,Premium,30 days,10000,2021-04-20,ACT
CUST267,Calwell Community Pty Ltd,Not-for-profit,premium,30,10000,2023-02-16,ACT
CUST268,Watson Clinic,Healthcare,Standard,14,5000,2023-05-11,ACT
CUST269,Phillip Chambers,Legal,Standard,14,5000,2024-08-21,ACT
CUST270,Charnwood Associates ACT,Professional Services,Standard,14,5000,2025-06-13,ACT
CUST271,Molonglo Support Services Pty Ltd,Not-for-profit,Standard,14,5000,2025-05-01,ACT
CUST272,Reid Securities,Finance,std,14,5000,2025-10-29,ACT
CUST273,Charnwood Dining,Hospitality,premium,30 days,10000,2025/08/28,ACT
CUST274,Canberra Dining Co,Hospitality,Standard,14,5000,2024-07-11,ACT
CUST275,Kingston Digital Pty Ltd,Technology,Standard,14,5000,2021-01-06,ACT
CUST276,Isabella Legal Pty Ltd,legal,Premium,30,10000,2023-05-04,ACT
CUST277,Gungahlin Advisory Co,Professional Services,Standard,14,5000,2023-03-26,ACT
CUST278,Lyneham Associates,Professional Services,Premium,30,10000,11-08-2023,ACT
CUST279,Reid School Pty Ltd,,Premium,30,10000,2023/02/08,Australian Capital Territory
CUST280,Latham Cafe Co,Hospitality,Premium,30,10000,2024-06-19,ACT
CUST281,Calwell Dining,Hospitality,Standard,14,5000,2021-01-16,ACT
CUST282,Manuka Physio Pty Ltd,Healthcare,Associate,14,2000,2025-10-03,ACT
CUST283,Watson Trust,NFP,Premium,30,10000,2025-03-09,ACT
CUST284,Canberra Digital,Technology,Corp,30,20000,2022-09-15,ACT
CUST285,Reid Software,Technology,Premium,30,10000,2022-08-11,ACT
CUST286,Calwell Institute Pty Ltd,Education,Premium,30,10000,2022-04-30,ACT
CUST287,Molonglo Health Pty Ltd,Healthcare,,14 days,2000,2022-06-18,Australian Capital Territory
CUST288,Capital Capital,Finance,Standard,14,5000,2024-12-18,ACT
CUST289,Capital Group,Professional Services,STANDARD,14,5000,2022-05-08,ACT
CUST290,Wanniassa Advisory Co,Prof Services,Standard,14 days,5000,2022-02-09,ACT
CUST291,Isabella Cyber,Technology,Premium,30,10000,2021-12-13,act
CUST292,Molonglo Civil Pty Ltd,Construction,Associate,14,2000,2024-12-11,ACT
CUST293,Canberra Kitchen,Hospitality,Premium,30,10000,2021-09-16,ACT
CUST294,Kingston Agency,Government,Standard,14,5000,2023-01-21,ACT
CUST295,Braddon People Co,Recruitment,Corporate,30,20000,2021-01-27,A.C.T.
CUST296,Yarralumla Financial,Finance,Standard,14,5000,2024-09-29,ACT
CUST297,Conder Counsel,Legal,Associate,14,2000,2021-07-20,ACT
CUST298,Kingston School,Education,Standard,14,5000,2025-08-05,ACT
CUST299,Gungahlin Dining,,Standard,14,5000,2024-03-08,ACT
CUST300,Monash Solutions Pty Ltd,Professional Services,Associate,14,2000,2024-11-07,ACT
CUST301,Molonglo Group,Professional Services,Premium,30,10000,2023-08-29,ACT
CUST302,Barton Agency ACT,Government,Corp,30 days,20000,2021-06-09,A.C.T.
CUST303,Holt IT Services Co,Technology,,14,2000,2024-05-09,ACT
CUST304,Weston Kitchen ACT,Hospitality,Associate,14,2000,2025-01-04,ACT
CUST305,Isabella Software,Technology,Standard,14,5000,2024-09-10,ACT
CUST306,Bruce Roasters Co,hospitality ,Standard,14,5000,2025-01-12,ACT
CUST307,Turner Associates,Professional Services,Standard,14,5000,06-13-2022,ACT
CUST308,Charnwood Chambers Co,Legal,assoc,14,2000,2024-02-24,ACT
CUST309,Florey Community Group,Not-for-profit,Standard,14,5000,2022-07-22,ACT
CUST310,Florey Chambers,Legal,Premium,30,10000,2024-06-27,Australian Capital Territory
CUST311,Wanniassa Recruitment Pty Ltd,Recruitment,Corporate,30,20000,2025-10-15,ACT
CUST312,Holt Consulting Group,Prof Services,STANDARD,14,5000,2021-02-23,ACT
CUST313,Acton Outreach ACT,Not-for-profit,Standard,14,5000,2024-09-06,ACT
CUST314,Hawker Hotel Group,Hospitality,assoc,14,2000,2025-04-13,ACT
CUST315,Canberra Care Network Pty Ltd,Not-for-profit,Standard,14,5000,2025-10-26,ACT
CUST316,Florey Office,Government,Premium,30,10000,2022-05-16,ACT
CUST317,Deakin Civil Group,Construction,Premium,30,10000,2022-11-22,ACT
CUST318,Barton Partners Pty Ltd,Professional Services,Standard,14 days,5000,2021-01-03,ACT
CUST319,Monash Construct Co,Construction,Associate,14,2000,2025-04-02,ACT
CUST320,Yarralumla Dental Group,Healthcare,STANDARD,14,5000,2021-10-12,ACT
CUST321,Mitchell Group,Professional Services,Standard,14,5000,2023-04-26,ACT
CUST322,Watson Dental,HEALTHCARE,Premium,30,10000,25-Apr-21,ACT
CUST323,Greenway Trust,NFP,Corp,30,20000,2022-01-13,ACT
CUST324,Ainslie Advocates,Legal,Associate,14,2000,2023-10-04,ACT
CUST325,Mitchell Wellness Co,Healthcare,Standard,14,5000,2023-05-15,ACT
CUST326,Ainslie Talent,Recruitment,Premium,30,10000,2023-05-18,ACT
CUST327,Capital Civil Co,,Associate,14,2000,2024-08-16,ACT
CUST328,Conder Counsel Co,Legal,Associate,14,2000,2022-07-14,ACT
CUST329,Wanniassa Partners ACT,Professional Services,Standard,14,"$5,000",2023-05-13,ACT
CUST330,Capital Physio Co,Healthcare,Associate,14 days,2000,2022-08-29,ACT
CUST331,Monash Goods Co,Retail,Corp,30,20000,2024-09-29,ACT
CUST332,Mitchell Bookkeeping Co,Finance,Standard,14,5000,2024-09-23,ACT
CUST333,Yarralumla Education ACT,Education,Standard,14,5000,2025-08-08,act
CUST334,Calwell Authority,Government,Associate,14,2000,2025-12-01,ACT
CUST335,Wanniassa Traders,Retail,assoc,14,2000,2022-05-07,ACT
CUST336,Holt Chambers,Legal,Standard,14,5000,2023-12-01,ACT
CUST337,Hawker Staffing,Recruitment,Standard,14,5000,2021-06-15,ACT
CUST338,Hawker Advisory,Professional Services,,14 days,2000,2022-03-22,ACT
CUST339,Phillip Agency,Government,Associate,14,2000,2023-12-14,ACT
CUST340,Fyshwick Advisory,Professional Services,Associate,14,2000,2025-08-16,ACT
CUST341,Weston Roasters,Hospitality,Premium,30,10000,2024/01/08,ACT
CUST342,Capital Care,Healthcare,Standard,14,5000,2025-01-12,ACT
CUST343,Braddon Recruitment Group,Recruitment,Corporate,30,20000,2022-10-11,ACT
CUST344,Turner Health Group,Healthcare,,30,10000,2021-10-23,A.C.T.
CUST345,Canberra Partners Co,Prof Services,Standard,14,5000,2022-04-07,ACT
CUST346,Ainslie Talent Group,Recruitment,Standard,14,5000,2023-06-18,ACT
CUST347,Weston IT Services,Technology,Standard,14,5000,2025-05-28,ACT
CUST348,Watson Charity Co,Not-for-profit,Standard,14,5000,2023-04-20,ACT
CUST349,Holt Workforce,Recruitment,Standard,14,5000,2025-02-14,ACT
CUST350,Braddon Care Network Group,Not-for-profit,assoc,14,2000,2022/05/25,ACT
CUST351,Civic Construct Group,Construction,Prem,30,10000,2023-01-28,ACT
CUST352,Canberra Staffing Co,Recruitment,Associate,14,2000,2023-06-27,Australian Capital Territory
CUST353,Calwell Cafe Pty Ltd,Hospitality,Premium,30,10000,2025-11-25,ACT
CUST354,Conder Securities Co,finance,Standard,14,5000,2022-02-14,ACT
CUST355,Canberra Advisory,Professional Services,Associate,14,2000,2025-03-01,ACT
CUST356,Ainslie Group,Prof Services,Standard,14,5000,2025-04-06,ACT
CUST357,Ainslie Care Group,,Standard,14,5000,2022-02-08,ACT
CUST358,Hawker Civil Group,Construction,Standard,14,5000,2022-03-28,ACT
CUST359,Capital Support Services Pty Ltd,Not-for-profit,Premium,30,10000,2024-04-20,ACT
CUST360,Kingston Care Group,Healthcare,Standard,14,5000,2025-04-02,ACT
CUST361,Dickson Partners ACT,Professional Services,Premium,30,10000,2022/06/29,ACT
CUST362,Fyshwick Kitchen ACT,hospitality ,Corporate,30,20000,2022-06-05,ACT
CUST363,Banks Financial Co,finance,Corporate,30,20000,12-26-2023,ACT
CUST364,Reid Authority,Government,Standard,14,5000,15-Nov-24,ACT
CUST365,Bruce College,,Standard,14,"$5,000",2021-06-25,ACT
CUST366,Hawker Consulting Group,Professional Services,Premium,30,10000,2023-09-17,ACT
CUST367,Phillip Law Group,Legal,Standard,14,5000,2021-12-24,ACT
CUST368,Turner Allied Health ACT,Healthcare,,14,5000,2025-03-26,ACT
CUST369,Canberra Commission,Govt,Standard,14,5000,2023-11-18,ACT
CUST370,Tuggeranong Projects ACT,Construction,Standard,14,5000,2023-05-31,ACT
CUST371,Weston Group,,Associate,14,2000,2025-01-26,ACT
CUST372,Conder Bistro Co,,Corporate,30,20000,2021-08-15,ACT
CUST373,Yarralumla Support Services,Not-for-profit,Corporate,30 days,20000,2022-06-30,ACT 
CUST374,Belconnen Education Co,edu,std,14,5000,14-Dec-24,ACT
CUST375,Bruce Allied Health Group,Healthcare,Standard,14,5000,2021/12/08,ACT
CUST376,Tuggeranong Legal Group,LEGAL,Premium,30,10000,2024-11-30,ACT
CUST377,Braddon School,Education,Standard,14,5000,2022-10-23,ACT
CUST378,Barton Construct,construction ,Standard,14,5000,2024-11-28,ACT
CUST379,Dickson Physio ACT,HEALTHCARE,Standard,14,5000,2022-08-27,ACT
CUST380,Phillip Dental,Healthcare,Premium,30,10000,2024-03-03,ACT
CUST381,Barton Partners ACT,Professional Services,Associate,14,2000,2023-02-22,ACT
CUST382,Reid Law,legal,assoc,14,2000,2025-09-08,ACT
CUST383,Holt Charity,Not-for-profit,Premium,30,10000,2022-01-07,ACT
CUST384,Kingston Roasters,hospitality ,,14,5000,2021-02-03,ACT
CUST385,Kambah Projects Co,Construction,Standard,14,5000,2024-02-24,ACT 
CUST386,Ainslie Outfitters,retail,Associate,14,2000,2024-11-06,ACT
CUST387,Wanniassa Authority Group,Government,Associate,14,2000,2021-03-05,A.C.T.
CUST388,Ainslie Civil Co,construction ,Standard,14,5000,2024-04-11,ACT 
CUST389,Ainslie Supplies Group,retail,assoc,14,2000,2021-02-02,ACT
CUST390,Lyneham Trust,Not-for-profit,Premium,30,10000,2022-09-12,ACT
CUST391,Manuka Care Network,Not-for-profit,STANDARD,14,5000,2023-11-15,ACT
CUST392,Greenway Build Co Pty Ltd,Construction,Standard,14,5000,2021-12-29,ACT 
CUST393,Ainslie Bistro,Hospitality,Standard,14,5000,2025-11-12,ACT
CUST394,Florey Academy Group,Education,Standard,14,5000,2025-04-21,ACT
CUST395,Lyneham Trust Co,Not-for-profit,assoc,14,2000,2024/07/03,ACT
CUST396,Manuka Capital,finance,Standard,14,5000,2023-02-09,ACT
CUST397,Belconnen Search Partners,Recruitment,Premium,30,10000,2024-11-01,act
CUST398,Narrabundah Traders ACT,retail,Standard,14,5000,2024-02-09,ACT
CUST399,Watson Wealth Group,Finance,Associate,14,2000,2023-09-18,A.C.T.
CUST400,Monash Strategy,Professional Services,Standard,14,5000,17-May-21,ACT
CUST401,Holt Advisory,Professional Services,Premium,30,10000,2025-05-03,ACT
CUST402,Banks Bookkeeping Group,Finance,Premium,30 days,10000,2025-03-26,ACT
CUST403,Bruce Cyber Pty Ltd,Tech,,14,2000,2022-06-29,ACT
CUST404,Fyshwick Bureau,Government,Associate,14,2000,2022-07-14,ACT
CUST405,Fyshwick Traders,retail,Standard,14,5000,2022-04-25,ACT
CUST406,Tuggeranong Health ACT,Healthcare,assoc,14,2000,2025-06-02,ACT
CUST407,Calwell Counsel,Legal,Premium,30,10000,2024-05-05,ACT
CUST408,Yarralumla Commission,Government,Standard,14,5000,2023-02-26,ACT 
CUST409,Barton Allied Health ACT,Healthcare,Standard,14,5000,2024-11-12,ACT
CUST410,Florey Clinic Group,HEALTHCARE,Standard,14,5000,2021-03-24,ACT
CUST411,Wanniassa Physio ACT,,Standard,14,5000,2022-09-07,A.C.T.
CUST412,Bruce Law Co,Legal,Associate,14,2000,2022-10-10,ACT
CUST413,Holt People Co,recruiting,Corp,30,20000,2024-12-27,ACT
CUST414,Capital Advisory,Finance,,14,5000,2025-01-18,ACT
CUST415,Turner Chambers Pty Ltd,LEGAL,Standard,14,5000,2023-11-07,ACT
CUST416,Kingston Wellness,Healthcare,Premium,30,10000,2024-05-16,ACT
CUST417,Belconnen Foundation Co,Not-for-profit,Standard,14,5000,2025-11-18,ACT
CUST418,Phillip Traders,Retail,Prem,30,10000,2022-06-19,ACT
CUST419,Holt Tech ACT,Technology,Standard,14,5000,2022-10-24,ACT
CUST420,Barton Associates Pty Ltd,Professional Services,Associate,14,2000,10-Nov-24,ACT
CUST421,Watson Medical,health care,Standard,14,5000,2024-06-19,ACT
CUST422,Kambah Advisory Group,Finance,assoc,14,2000,2024-02-28,ACT 
CUST423,Narrabundah Data Labs Pty Ltd,IT/Technology,Standard,14,5000,2025-01-06,ACT
CUST424,Conder Dental ACT,,Standard,14,5000,2023-05-08,ACT
CUST425,Wanniassa Civil Pty Ltd,,Associate,14,2000,29-May-23,ACT
CUST426,Canberra Solutions ACT,Prof Services,Standard,14,5000,2025-07-21,ACT
CUST427,Turner Talent,Recruitment,Premium,30,10000,2023-12-01,ACT
CUST428,Conder Construct Pty Ltd,construction ,Associate,14,2000,2021-05-21,act
CUST429,Monash Kitchen Co,Hospitality,Associate,14,2000,2024-05-29,ACT
CUST430,Yarralumla Care Network Group,Not-for-profit,STANDARD,14 days,5000,2024-05-08,ACT
CUST431,Phillip Cafe Pty Ltd,Hospitality,assoc,14,2000,2023-09-24,ACT
CUST432,Belconnen Hospitality,Hospitality,Associate,14,2000,2024-01-24,ACT
CUST433,Kingston Education Pty Ltd,Education,Premium,30,10000,2022-10-12,ACT
CUST434,Isabella Solicitors Co,Legal,,30,20000,2022-01-02,ACT
CUST435,Charnwood Legal,Legal,Associate,14,"$2,000",2024-11-07,ACT
CUST436,Belconnen Counsel Group,Legal,Prem,30,10000,2025-02-13,ACT
CUST437,Dickson Securities Pty Ltd,Finance,Premium,30,10000,2023-09-06,ACT
CUST438,Isabella Wealth,Finance,STANDARD,14,5000,2023-10-27,ACT
CUST439,Bruce Data Labs ACT,Tech,Premium,30,10000,2024-09-07,ACT
CUST440,Deakin Care Network Pty Ltd,Not-for-profit,Corp,30,20000,2021-07-01,ACT
CUST441,Barton Tech ACT,Technology,Premium,30,10000,2021-05-17,ACT
CUST442,Holt Build Co Group,Construction,Associate,14,2000,04-Jun-23,ACT
CUST443,Greenway Civil,,Premium,30 days,10000,2025-07-23,ACT
CUST444,Reid Learning,edu,Associate,14,2000,2021-03-24,ACT
CUST445,Manuka Associates,Professional Services,Standard,14,"$5,000",2024-08-05,ACT
CUST365,BRUCE COLLEGE,,Standard,14,"$5,000",2021-06-25,ACT
CUST081,BARTON BUILDERS,Construction,Standard,14,5000,2022-04-29,act
CUST181,TURNER DENTAL,Healthcare,Standard,14,5000,2023-04-16,ACT
CUST144,CAPITAL BOOKKEEPING,Finance,Corporate,30,20000,2023-03-06,ACT
CUST032,DEVELOPMENT INTELLIGENCE LAB,Technology,std,14,5000,2021-05-21,ACT
CUST346,AINSLIE TALENT GROUP,Recruitment,Standard,14,5000,2023-06-18,ACT
CUST437,DICKSON SECURITIES PTY LTD,Finance,Premium,30,10000,2023-09-06,ACT
CUST126,YARRALUMLA HOTEL GROUP,Hospitality,Corporate,30,20000,2023-06-21,ACT 
